"RMSE","MAE","MSE","R2"
6.52252833496158,4.31971550695206,42.5433758803766,NA
