"Year","RMSE","MAE","MSE","R2"
2011,684222.168866655,576356.962947082,468159976368.59,0.496840627601431
